<metadata xml:lang="en"><Esri><CreaDate>20141217</CreaDate><CreaTime>18304600</CreaTime><ArcGISFormat>1.0</ArcGISFormat><SyncOnce>FALSE</SyncOnce><DataProperties><itemProps><imsContentType export="False">002</imsContentType><itemName Sync="TRUE">GSRB_Level0</itemName><itemSize Sync="TRUE">0.000</itemSize><itemLocation><linkage Sync="TRUE">file://\\LAPTOP-0KAKC6UT\C$\Users\sarah\Desktop\GSRB\GSRB_Level0.shp</linkage><protocol Sync="TRUE">Local Area Network</protocol></itemLocation></itemProps><coordRef><type Sync="TRUE">Geographic</type><geogcsn Sync="TRUE">GCS_WGS_1984</geogcsn><csUnits Sync="TRUE">Angular Unit: Degree (0.017453)</csUnits><peXml Sync="TRUE">&lt;GeographicCoordinateSystem xsi:type='typens:GeographicCoordinateSystem' xmlns:xsi='http://www.w3.org/2001/XMLSchema-instance' xmlns:xs='http://www.w3.org/2001/XMLSchema' xmlns:typens='http://www.esri.com/schemas/ArcGIS/2.5.0'&gt;&lt;WKT&gt;GEOGCS[&amp;quot;GCS_WGS_1984&amp;quot;,DATUM[&amp;quot;D_WGS_1984&amp;quot;,SPHEROID[&amp;quot;WGS_1984&amp;quot;,6378137.0,298.257223563]],PRIMEM[&amp;quot;Greenwich&amp;quot;,0.0],UNIT[&amp;quot;Degree&amp;quot;,0.0174532925199433],AUTHORITY[&amp;quot;EPSG&amp;quot;,4326]]&lt;/WKT&gt;&lt;XOrigin&gt;-400&lt;/XOrigin&gt;&lt;YOrigin&gt;-400&lt;/YOrigin&gt;&lt;XYScale&gt;11258999068426.238&lt;/XYScale&gt;&lt;ZOrigin&gt;-100000&lt;/ZOrigin&gt;&lt;ZScale&gt;10000&lt;/ZScale&gt;&lt;MOrigin&gt;-100000&lt;/MOrigin&gt;&lt;MScale&gt;10000&lt;/MScale&gt;&lt;XYTolerance&gt;8.983152841195215e-09&lt;/XYTolerance&gt;&lt;ZTolerance&gt;0.001&lt;/ZTolerance&gt;&lt;MTolerance&gt;0.001&lt;/MTolerance&gt;&lt;HighPrecision&gt;true&lt;/HighPrecision&gt;&lt;LeftLongitude&gt;-180&lt;/LeftLongitude&gt;&lt;WKID&gt;4326&lt;/WKID&gt;&lt;LatestWKID&gt;4326&lt;/LatestWKID&gt;&lt;/GeographicCoordinateSystem&gt;</peXml></coordRef><lineage><Process ToolSource="c:\program files (x86)\arcgis\desktop10.1\ArcToolbox\Toolboxes\Data Management Tools.tbx\CopyFeatures" Date="20141217" Time="190840">CopyFeatures C:\FAO\GAUL\GAUL_2015\G2015_Geodatabases\GLOBAL_GAUL_2015_Release.gdb\G2015_0\g2015_2014_0 C:\FAO\GAUL\GAUL_2015\GLOBAL_GAUL_2015\GAUL2015_Set\GAUL2015_Level_0\g2015_2014_0.shp # 0 0 0</Process><Process ToolSource="c:\program files\arcgis\pro\Resources\ArcToolbox\toolboxes\Analysis Tools.tbx\SpatialJoin" Date="20180611" Time="144109">SpatialJoin g2015_2014_0_PolygonToLine World_Continents "C:\Users\Sarah Popelka\Documents\ArcGIS\Projects\RiverMerge\Final2015.gdb\Border_0" "Join one to one" KEEP_ALL "LEFT_FID "LEFT_FID" true true false 4 Long 0 0,First,#,g2015_2014_0_PolygonToLine,LEFT_FID,-1,-1;RIGHT_FID "RIGHT_FID" true true false 4 Long 0 0,First,#,g2015_2014_0_PolygonToLine,RIGHT_FID,-1,-1;Shape_Length "Shape_Length" false true true 8 Double 0 0,First,#,g2015_2014_0_PolygonToLine,Shape_Length,-1,-1;CONTINENT "CONTINENT" true true false 13 Text 0 0,First,#,World_Continents,CONTINENT,0,13;SQMI "SQMI" true true false 0 Double 0 0,First,#,World_Continents,SQMI,-1,-1;SQKM "SQKM" true true false 0 Double 0 0,First,#,World_Continents,SQKM,-1,-1" Intersect # #</Process><Process ToolSource="c:\program files\arcgis\pro\Resources\ArcToolbox\toolboxes\Data Management Tools.tbx\AddField" Date="20180611" Time="145006">AddField "CIMDATA=&lt;CIMStandardDataConnection xsi:type='typens:CIMStandardDataConnection' xmlns:xsi='http://www.w3.org/2001/XMLSchema-instance' xmlns:xs='http://www.w3.org/2001/XMLSchema' xmlns:typens='http://www.esri.com/schemas/ArcGIS/2.1.0'&gt;&lt;WorkspaceConnectionString&gt;DATABASE=C:\Users\Sarah Popelka\Documents\ArcGIS\Projects\RiverMerge\Final2015.gdb&lt;/WorkspaceConnectionString&gt;&lt;WorkspaceFactory&gt;FileGDB&lt;/WorkspaceFactory&gt;&lt;Dataset&gt;Border_0&lt;/Dataset&gt;&lt;DatasetType&gt;esriDTFeatureClass&lt;/DatasetType&gt;&lt;/CIMStandardDataConnection&gt;" BordLen "Double  (double precision)" # # # BordLen NULLABLE NON_REQUIRED #</Process><Process ToolSource="c:\program files\arcgis\pro\Resources\ArcToolbox\toolboxes\Data Management Tools.tbx\CalculateField" Date="20180611" Time="145151">CalculateField Border_0 BordLen !shape.geodesiclength@kilometers! "Python 3" #</Process><Process ToolSource="c:\program files\arcgis\pro\Resources\ArcToolbox\toolboxes\Data Management Tools.tbx\DeleteField" Date="20180612" Time="060151">DeleteField Border_0 SQMI;SQKM</Process><Process ToolSource="c:\program files\arcgis\pro\Resources\ArcToolbox\toolboxes\Data Management Tools.tbx\AddField" Date="20180612" Time="060633">AddField "CIMDATA=&lt;CIMStandardDataConnection xsi:type='typens:CIMStandardDataConnection' xmlns:xsi='http://www.w3.org/2001/XMLSchema-instance' xmlns:xs='http://www.w3.org/2001/XMLSchema' xmlns:typens='http://www.esri.com/schemas/ArcGIS/2.1.0'&gt;&lt;WorkspaceConnectionString&gt;DATABASE=C:\Users\Sarah Popelka\Documents\ArcGIS\Projects\RiverMerge\Final2015.gdb&lt;/WorkspaceConnectionString&gt;&lt;WorkspaceFactory&gt;FileGDB&lt;/WorkspaceFactory&gt;&lt;Dataset&gt;Border_0&lt;/Dataset&gt;&lt;DatasetType&gt;esriDTFeatureClass&lt;/DatasetType&gt;&lt;/CIMStandardDataConnection&gt;" Interact Text # # 255 Interact NULLABLE NON_REQUIRED #</Process><Process ToolSource="c:\program files\arcgis\pro\Resources\ArcToolbox\toolboxes\Data Management Tools.tbx\CalculateField" Date="20180612" Time="062114">CalculateField Border_0 Interact 'Yes' "Python 3" #</Process><Process ToolSource="c:\program files\arcgis\pro\Resources\ArcToolbox\toolboxes\Data Management Tools.tbx\AddField" Date="20181201" Time="100040">AddField "CIMDATA=&lt;CIMStandardDataConnection xsi:type='typens:CIMStandardDataConnection' xmlns:xsi='http://www.w3.org/2001/XMLSchema-instance' xmlns:xs='http://www.w3.org/2001/XMLSchema' xmlns:typens='http://www.esri.com/schemas/ArcGIS/2.1.0'&gt;&lt;WorkspaceConnectionString&gt;DATABASE=C:\Users\Sarah Popelka\Documents\ArcGIS\Projects\RiverMerge\Final2015.gdb&lt;/WorkspaceConnectionString&gt;&lt;WorkspaceFactory&gt;FileGDB&lt;/WorkspaceFactory&gt;&lt;Dataset&gt;Border_0&lt;/Dataset&gt;&lt;DatasetType&gt;esriDTFeatureClass&lt;/DatasetType&gt;&lt;/CIMStandardDataConnection&gt;" LEFT_CO Text # # 255 LEFT_CO NULLABLE NON_REQUIRED #</Process><Process ToolSource="c:\program files\arcgis\pro\Resources\ArcToolbox\toolboxes\Data Management Tools.tbx\AddField" Date="20181201" Time="100041">AddField "CIMDATA=&lt;CIMStandardDataConnection xsi:type='typens:CIMStandardDataConnection' xmlns:xsi='http://www.w3.org/2001/XMLSchema-instance' xmlns:xs='http://www.w3.org/2001/XMLSchema' xmlns:typens='http://www.esri.com/schemas/ArcGIS/2.1.0'&gt;&lt;WorkspaceConnectionString&gt;DATABASE=C:\Users\Sarah Popelka\Documents\ArcGIS\Projects\RiverMerge\Final2015.gdb&lt;/WorkspaceConnectionString&gt;&lt;WorkspaceFactory&gt;FileGDB&lt;/WorkspaceFactory&gt;&lt;Dataset&gt;Border_0&lt;/Dataset&gt;&lt;DatasetType&gt;esriDTFeatureClass&lt;/DatasetType&gt;&lt;/CIMStandardDataConnection&gt;" RIGHT_CO Text # # 255 RIGHT_CO NULLABLE NON_REQUIRED #</Process><Process ToolSource="c:\program files\arcgis\pro\Resources\ArcToolbox\toolboxes\Data Management Tools.tbx\AddField" Date="20181201" Time="101116">AddField "CIMDATA=&lt;CIMStandardDataConnection xsi:type='typens:CIMStandardDataConnection' xmlns:xsi='http://www.w3.org/2001/XMLSchema-instance' xmlns:xs='http://www.w3.org/2001/XMLSchema' xmlns:typens='http://www.esri.com/schemas/ArcGIS/2.1.0'&gt;&lt;WorkspaceConnectionString&gt;DATABASE=C:\Users\Sarah Popelka\Documents\ArcGIS\Projects\RiverMerge\Final2015.gdb&lt;/WorkspaceConnectionString&gt;&lt;WorkspaceFactory&gt;FileGDB&lt;/WorkspaceFactory&gt;&lt;Dataset&gt;Border_0&lt;/Dataset&gt;&lt;DatasetType&gt;esriDTFeatureClass&lt;/DatasetType&gt;&lt;/CIMStandardDataConnection&gt;" Key "Long (large integer)" # # # Key NULLABLE NON_REQUIRED #</Process><Process ToolSource="c:\program files\arcgis\pro\Resources\ArcToolbox\toolboxes\Data Management Tools.tbx\DeleteField" Date="20181201" Time="101328">DeleteField Border_0 Key</Process><Process ToolSource="c:\program files\arcgis\pro\Resources\ArcToolbox\toolboxes\Data Management Tools.tbx\AddField" Date="20181201" Time="101356">AddField "CIMDATA=&lt;CIMStandardDataConnection xsi:type='typens:CIMStandardDataConnection' xmlns:xsi='http://www.w3.org/2001/XMLSchema-instance' xmlns:xs='http://www.w3.org/2001/XMLSchema' xmlns:typens='http://www.esri.com/schemas/ArcGIS/2.1.0'&gt;&lt;WorkspaceConnectionString&gt;DATABASE=C:\Users\Sarah Popelka\Documents\ArcGIS\Projects\RiverMerge\Final2015.gdb&lt;/WorkspaceConnectionString&gt;&lt;WorkspaceFactory&gt;FileGDB&lt;/WorkspaceFactory&gt;&lt;Dataset&gt;Border_0&lt;/Dataset&gt;&lt;DatasetType&gt;esriDTFeatureClass&lt;/DatasetType&gt;&lt;/CIMStandardDataConnection&gt;" Key Text # # 255 Key NULLABLE NON_REQUIRED #</Process><Process ToolSource="c:\program files\arcgis\pro\Resources\ArcToolbox\toolboxes\Data Management Tools.tbx\CalculateField" Date="20181201" Time="101623">CalculateField Border_0 Key str(!LEFT_FID!)+str(!RIGHT_FID!) "Python 3" #</Process><Process ToolSource="c:\program files\arcgis\pro\Resources\ArcToolbox\toolboxes\Data Management Tools.tbx\Dissolve" Date="20181205" Time="181806">Dissolve Border_0 "C:\Users\Sarah Popelka\Documents\ArcGIS\Projects\Finalized Data\Finalized Data.gdb\Border_0_Dissolve" Key "CONTINENT FIRST;LEFT_CO FIRST;RIGHT_CO FIRST;BordLen SUM" MULTI_PART DISSOLVE_LINES</Process><Process ToolSource="c:\program files\arcgis\pro\Resources\ArcToolbox\toolboxes\Data Management Tools.tbx\CalculateField" Date="20181205" Time="182552">CalculateField Border_0_Dissolve SUM_BordLen !SHAPE.geodesicLength@kilometers! "Python 3" #</Process><Process ToolSource="c:\program files\arcgis\pro\Resources\ArcToolbox\toolboxes\Data Management Tools.tbx\AddField" Date="20181206" Time="165638">AddField "CIMDATA=&lt;CIMStandardDataConnection xsi:type='typens:CIMStandardDataConnection' xmlns:xsi='http://www.w3.org/2001/XMLSchema-instance' xmlns:xs='http://www.w3.org/2001/XMLSchema' xmlns:typens='http://www.esri.com/schemas/ArcGIS/2.1.0'&gt;&lt;WorkspaceConnectionString&gt;DATABASE=C:\Users\Sarah Popelka\Documents\ArcGIS\Projects\Finalized Data\Finalized Data.gdb&lt;/WorkspaceConnectionString&gt;&lt;WorkspaceFactory&gt;FileGDB&lt;/WorkspaceFactory&gt;&lt;Dataset&gt;Border_0_Dissolve&lt;/Dataset&gt;&lt;DatasetType&gt;esriDTFeatureClass&lt;/DatasetType&gt;&lt;/CIMStandardDataConnection&gt;" Interact Text # # 255 Interact NULLABLE NON_REQUIRED #</Process><Process ToolSource="c:\program files\arcgis\pro\Resources\ArcToolbox\toolboxes\Data Management Tools.tbx\Dissolve" Date="20190213" Time="120150">Dissolve Border_0_Dissolve "C:\Users\Sarah Popelka\Documents\ArcGIS\Projects\MyProject\MyProject.gdb\Border_0_Dissolve_Dissolve" Key "FIRST_CONTINENT FIRST;FIRST_LEFT_CO FIRST;FIRST_RIGHT_CO FIRST;SUM_BordLen FIRST;Interact FIRST" MULTI_PART DISSOLVE_LINES</Process><Process ToolSource="c:\program files\arcgis\pro\Resources\ArcToolbox\toolboxes\Analysis Tools.tbx\Intersect" Date="20190213" Time="132718">Intersect "Border_0_Dissolve_Dissolve #;GSRB_Level2_CLEAN #" "C:\Users\Sarah Popelka\Documents\ArcGIS\Projects\MyProject\MyProject.gdb\Border_0_Dissolve_Dissolve_Intersect" "All attributes" # "Same as input"</Process><Process ToolSource="c:\program files\arcgis\pro\Resources\ArcToolbox\toolboxes\Data Management Tools.tbx\Dissolve" Date="20190213" Time="132832">Dissolve Border_0_Dissolve_Dissolve_Intersect "C:\Users\Sarah Popelka\Documents\ArcGIS\Projects\MyProject\MyProject.gdb\GSRB_Level0_CLEAN" Key "Key FIRST;SUM_BordLen SUM" MULTI_PART DISSOLVE_LINES</Process><Process ToolSource="c:\program files\arcgis\pro\Resources\ArcToolbox\toolboxes\Data Management Tools.tbx\AddField" Date="20190213" Time="170206">AddField GSRB_Level0_CLEAN Continent Text # # # # NULLABLE NON_REQUIRED #</Process><Process ToolSource="c:\program files\arcgis\pro\Resources\ArcToolbox\toolboxes\Data Management Tools.tbx\AddField" Date="20190213" Time="170206">AddField GSRB_Level0_CLEAN Country1 Text # # # # NULLABLE NON_REQUIRED #</Process><Process ToolSource="c:\program files\arcgis\pro\Resources\ArcToolbox\toolboxes\Data Management Tools.tbx\AddField" Date="20190213" Time="170207">AddField GSRB_Level0_CLEAN Country2 Text # # # # NULLABLE NON_REQUIRED #</Process><Process ToolSource="c:\program files\arcgis\pro\Resources\ArcToolbox\toolboxes\Data Management Tools.tbx\DeleteField" Date="20190213" Time="172558">DeleteField GSRB_Level0_CLEAN FIRST_Key</Process><Process ToolSource="c:\program files\arcgis\pro\Resources\ArcToolbox\toolboxes\Data Management Tools.tbx\AddField" Date="20190213" Time="172654">AddField GSRB_Level0_CLEAN BordLen "Double  (double precision)" # # # # NULLABLE NON_REQUIRED #</Process><Process ToolSource="c:\program files\arcgis\pro\Resources\ArcToolbox\toolboxes\Data Management Tools.tbx\DeleteField" Date="20190213" Time="174205">DeleteField GSRB_Level0_CLEAN Country1</Process><Process ToolSource="c:\program files\arcgis\pro\Resources\ArcToolbox\toolboxes\Data Management Tools.tbx\DeleteField" Date="20190213" Time="174206">DeleteField GSRB_Level0_CLEAN Country2</Process><Process ToolSource="c:\program files\arcgis\pro\Resources\ArcToolbox\toolboxes\Data Management Tools.tbx\DeleteField" Date="20190213" Time="174206">DeleteField GSRB_Level0_CLEAN Continent</Process><Process ToolSource="c:\program files\arcgis\pro\Resources\ArcToolbox\toolboxes\Data Management Tools.tbx\AddField" Date="20190213" Time="174354">AddField GSRB_Level0_CLEAN Continent Text # # # # NULLABLE NON_REQUIRED #</Process><Process ToolSource="c:\program files\arcgis\pro\Resources\ArcToolbox\toolboxes\Data Management Tools.tbx\AddField" Date="20190213" Time="174355">AddField GSRB_Level0_CLEAN adm0_1 Text # # # # NULLABLE NON_REQUIRED #</Process><Process ToolSource="c:\program files\arcgis\pro\Resources\ArcToolbox\toolboxes\Data Management Tools.tbx\AddField" Date="20190213" Time="174355">AddField GSRB_Level0_CLEAN adm0_2 Text # # # # NULLABLE NON_REQUIRED #</Process><Process ToolSource="c:\program files\arcgis\pro\Resources\ArcToolbox\toolboxes\Data Management Tools.tbx\DeleteField" Date="20190213" Time="180413">DeleteField GSRB_Level0_CLEAN SUM_SUM_BordLen</Process><Process ToolSource="c:\program files\arcgis\pro\Resources\ArcToolbox\toolboxes\Data Management Tools.tbx\CopyFeatures" Date="20190213" Time="200554">CopyFeatures GSRB_Level0_CLEAN GDB\GDB\GSRB.gdb\GSRB_Level0 # # # #</Process><Process ToolSource="c:\program files\arcgis\pro\Resources\ArcToolbox\toolboxes\Data Management Tools.tbx\CopyFeatures" Date="20200619" Time="094858">CopyFeatures GSRB_Level0 C:\Users\sarah\Desktop\GSRB\GSRB_Level0.shp # # # #</Process></lineage></DataProperties><ModDate>20200619</ModDate><ModTime>09485500</ModTime><scaleRange><minScale>150000000</minScale><maxScale>5000</maxScale></scaleRange><ArcGISProfile>ISO19139</ArcGISProfile><SyncDate>20200619</SyncDate><SyncTime>09485500</SyncTime></Esri><mdLang><languageCode value="eng"/><countryCode value="USA" Sync="TRUE"></countryCode></mdLang><mdChar><CharSetCd value="004"/></mdChar><mdHrLv><ScopeCd value="005"/></mdHrLv><mdHrLvName>dataset</mdHrLvName><mdDateSt>20131220</mdDateSt><mdStanName>ArcGIS Metadata</mdStanName><mdStanVer>1.0</mdStanVer><distInfo><distributor><distorFormat><formatName>File Geodatabase Feature Class</formatName></distorFormat></distributor><distFormat><formatName>File Geodatabase Feature Class</formatName></distFormat><distTranOps><transSize Sync="TRUE">0.000</transSize></distTranOps></distInfo><dataIdInfo><idCitation xmlns=""><resTitle>The Global Administrative Unit Layers  - GAUL 2015</resTitle><presForm xmlns=""><PresFormCd value="005"/></presForm></idCitation><idAbs>&lt;DIV STYLE="text-align:Left;"&gt;&lt;DIV&gt;&lt;DIV&gt;&lt;P&gt;&lt;SPAN&gt;The Global Administrative Unit Layers (GAUL) is an initiative implemented by FAO within the AfricaFertilizer.org project.The GAUL compiles and disseminates the best available information on administrative units for all the countries in the world, providing a contribution to the standardization of the spatial dataset representing administrative units. The GAUL always maintains global layers with a unified coding system at country, first (e.g. departments) and second administrative levels (e.g. districts). Where data is available, it provides layers on a country by country basis down to third, fourth and lowers levels. The overall methodology consists in a) collecting the best available data from most reliable sources, b) establishing validation periods of the geographic features (when possible), c) adding selected data to the global layer based on the last country boundaries map provided by the UN Cartographic Unit (UNCS), d) generating codes using GAUL Coding System and e) distribute data to the users (see TechnicalArticleG2014.pdf).Because GAUL works at global level, unsettled territories are reported. The approach of GAUL is to deal with these areas in such a way to preserve national integrity for all disputing countries (see TechnicalArticleG2014.pdfand G2014_DisputedAreas.dbf).GAUL is released once a year and the target beneficiary of GAUL data is the UN community and other authorized international and national partners. GAUL keeps track of administrative units that has been changed, added or dismissed in the past for political causes. Changes implemented in different years are recorded in GAUL on different layers. For this reason the GAUL product is not a single layer but a group of layers, named "GAUL Set" (see ReleaseNoteGAUL2014.pdf).&lt;/SPAN&gt;&lt;/P&gt;&lt;/DIV&gt;&lt;/DIV&gt;&lt;/DIV&gt;</idAbs><idPurp>The Global Administrative Unit Layers (GAUL) aims at compiling and disseminating the most reliable spatial information on administrative units for all countries in the world.</idPurp><idCredit>Statistics Division (ESS) - Economic and Social Development Department (ES) - Food and Agriculture Organization of the United Nations (FAO)</idCredit><idPoC xmlns=""><rpIndName>Fabio Grita</rpIndName><rpOrgName>ESS, FAO</rpOrgName><rpPosName>Information Technology - Systems Support Officer</rpPosName><rpCntInfo xmlns=""><cntAddress addressType=""><delPoint>Via delle Terme di Caracalla</delPoint><city>Rome</city><adminArea>Lazio</adminArea><postCode>00151</postCode><country>IT</country><eMailAdd>fabio.grita@fao.org</eMailAdd></cntAddress></rpCntInfo><role><RoleCd value="007"/></role></idPoC><idPoC xmlns=""><rpIndName>Alexandre Arnal Gosp</rpIndName><rpOrgName>ESS, FAO</rpOrgName><rpPosName>GIS Analyst</rpPosName><rpCntInfo xmlns=""><cntAddress addressType=""><country>ES</country></cntAddress></rpCntInfo><role><RoleCd value="011"/></role></idPoC><resMaint xmlns=""><maintFreq><MaintFreqCd value="007"/></maintFreq></resMaint><otherKeys xmlns=""><keyword>sub national boundaries</keyword><keyword>GAUL</keyword><keyword>global</keyword><keyword>World</keyword><keyword>administrative</keyword></otherKeys><searchKeys><keyword>sub national boundaries</keyword><keyword>GAUL</keyword><keyword>global</keyword><keyword>World</keyword><keyword>administrative</keyword></searchKeys><resConst><Consts><useLimit>&lt;DIV STYLE="text-align:Left;"&gt;&lt;DIV&gt;&lt;DIV&gt;&lt;P&gt;&lt;SPAN&gt;Data might not be officially validated by authoritative national sources and cannot be distributed to the general public. A disclaimer should always accompany any use of GAUL data.The GAUL dataset is distributed to the United Nations and other authorized international and national institutions/agencies. FAO grants a license to use, download and print the materials contained in the GAUL dataset solely for non-commercial purposes and in accordance with the conditions specified in the data license. The full GAUL Data License document is available for downloading.&lt;/SPAN&gt;&lt;/P&gt;&lt;/DIV&gt;&lt;/DIV&gt;&lt;/DIV&gt;</useLimit></Consts></resConst><spatRpType><SpatRepTypCd value="001"/></spatRpType><dataLang><languageCode value="eng"/><countryCode value="USA" Sync="TRUE"></countryCode></dataLang><dataChar><CharSetCd value="004"/></dataChar><envirDesc>Microsoft Windows 7 Version 6.1 (Build 7601) Service Pack 1; ESRI ArcGIS 10.0.4.4000</envirDesc><dataExt xmlns=""><geoEle><GeoBndBox><exTypeCode>true</exTypeCode><westBL>-180</westBL><eastBL>180</eastBL><southBL>-89.900002</southBL><northBL>83.627419</northBL></GeoBndBox></geoEle></dataExt><tpCat><TopicCatCd value="003"/></tpCat></dataIdInfo><mdMaint xmlns=""><maintFreq><MaintFreqCd value="008"/></maintFreq></mdMaint><spatRepInfo><VectSpatRep><geometObjs Name="GSRB_Level0"><geoObjTyp><GeoObjTypCd value="002" Sync="TRUE"></GeoObjTypCd></geoObjTyp><geoObjCnt Sync="TRUE">0</geoObjCnt></geometObjs><topLvl><TopoLevCd value="001" Sync="TRUE"></TopoLevCd></topLvl></VectSpatRep></spatRepInfo><refSysInfo><RefSystem><refSysID><identCode code="4326"/><idCodeSpace>EPSG</idCodeSpace><idVersion>7.4.1</idVersion></refSysID></RefSystem></refSysInfo><spdoinfo><ptvctinf><esriterm Name="GSRB_Level0"><efeatyp Sync="TRUE">Simple</efeatyp><efeageom code="3" Sync="TRUE"></efeageom><esritopo Sync="TRUE">FALSE</esritopo><efeacnt Sync="TRUE">0</efeacnt><spindex Sync="TRUE">FALSE</spindex><linrefer Sync="TRUE">FALSE</linrefer></esriterm></ptvctinf></spdoinfo><eainfo><detailed Name="GSRB_Level0"><enttyp><enttypl Sync="TRUE">GSRB_Level0</enttypl><enttypt Sync="TRUE">Feature Class</enttypt><enttypc Sync="TRUE">0</enttypc></enttyp><attr><attrlabl Sync="TRUE">FID</attrlabl><attalias Sync="TRUE">FID</attalias><attrtype Sync="TRUE">OID</attrtype><attwidth Sync="TRUE">4</attwidth><atprecis Sync="TRUE">0</atprecis><attscale Sync="TRUE">0</attscale><attrdef Sync="TRUE">Internal feature number.</attrdef><attrdefs Sync="TRUE">Esri</attrdefs><attrdomv><udom Sync="TRUE">Sequential unique whole numbers that are automatically generated.</udom></attrdomv></attr><attr><attrlabl Sync="TRUE">Shape</attrlabl><attalias Sync="TRUE">Shape</attalias><attrtype Sync="TRUE">Geometry</attrtype><attwidth Sync="TRUE">0</attwidth><atprecis Sync="TRUE">0</atprecis><attscale Sync="TRUE">0</attscale><attrdef Sync="TRUE">Feature geometry.</attrdef><attrdefs Sync="TRUE">Esri</attrdefs><attrdomv><udom Sync="TRUE">Coordinates defining the features.</udom></attrdomv></attr><attr><attrlabl Sync="TRUE">Key</attrlabl><attalias Sync="TRUE">Key</attalias><attrtype Sync="TRUE">String</attrtype><attwidth Sync="TRUE">254</attwidth><atprecis Sync="TRUE">0</atprecis><attscale Sync="TRUE">0</attscale></attr><attr><attrlabl Sync="TRUE">BordLen</attrlabl><attalias Sync="TRUE">BordLen</attalias><attrtype Sync="TRUE">Double</attrtype><attwidth Sync="TRUE">19</attwidth><atprecis Sync="TRUE">0</atprecis><attscale Sync="TRUE">0</attscale></attr><attr><attrlabl Sync="TRUE">Continent</attrlabl><attalias Sync="TRUE">Continent</attalias><attrtype Sync="TRUE">String</attrtype><attwidth Sync="TRUE">254</attwidth><atprecis Sync="TRUE">0</atprecis><attscale Sync="TRUE">0</attscale></attr><attr><attrlabl Sync="TRUE">adm0_1</attrlabl><attalias Sync="TRUE">adm0_1</attalias><attrtype Sync="TRUE">String</attrtype><attwidth Sync="TRUE">254</attwidth><atprecis Sync="TRUE">0</atprecis><attscale Sync="TRUE">0</attscale></attr><attr><attrlabl Sync="TRUE">adm0_2</attrlabl><attalias Sync="TRUE">adm0_2</attalias><attrtype Sync="TRUE">String</attrtype><attwidth Sync="TRUE">254</attwidth><atprecis Sync="TRUE">0</atprecis><attscale Sync="TRUE">0</attscale></attr><attr><attrlabl Sync="TRUE">Shape_Leng</attrlabl><attalias Sync="TRUE">Shape_Leng</attalias><attrtype Sync="TRUE">Double</attrtype><attwidth Sync="TRUE">19</attwidth><atprecis Sync="TRUE">0</atprecis><attscale Sync="TRUE">0</attscale></attr></detailed></eainfo></metadata>
